artist,title,danceability,energy,key,loudness,mode,speechiness,acousticness,instrumentalness,liveness,valence,tempo,type,id,uri,track_href,analysis_url,duration_ms,time_signature
Taylor Swift,Anti-Hero,0.637,0.643,4,-6.571,1,0.0519,0.13,1.8e-06,0.142,0.533,97.008,audio_features,0V3wPSX9ygBnCm8psDIegu,spotify:track:0V3wPSX9ygBnCm8psDIegu,https://api.spotify.com/v1/tracks/0V3wPSX9ygBnCm8psDIegu,https://api.spotify.com/v1/audio-analysis/0V3wPSX9ygBnCm8psDIegu,200690,4
Taylor Swift,Lavender Haze,0.733,0.436,10,-10.489,1,0.08,0.258,0.000573,0.157,0.0976,96.985,audio_features,5jQI2r1RdgtuT8S3iG8zFC,spotify:track:5jQI2r1RdgtuT8S3iG8zFC,https://api.spotify.com/v1/tracks/5jQI2r1RdgtuT8S3iG8zFC,https://api.spotify.com/v1/audio-analysis/5jQI2r1RdgtuT8S3iG8zFC,202396,4
Taylor Swift,Maroon,0.637,0.398,7,-8.294,1,0.0564,0.0573,1.03e-06,0.101,0.0374,108.075,audio_features,3eX0NZfLtGzoLUxPNvRfqm,spotify:track:3eX0NZfLtGzoLUxPNvRfqm,https://api.spotify.com/v1/tracks/3eX0NZfLtGzoLUxPNvRfqm,https://api.spotify.com/v1/audio-analysis/3eX0NZfLtGzoLUxPNvRfqm,218271,4
Taylor Swift,Midnight Rain,0.643,0.363,0,-11.738,1,0.0767,0.69,5.17e-05,0.115,0.23,139.865,audio_features,3rWDp9tBPQR9z6U5YyRSK4,spotify:track:3rWDp9tBPQR9z6U5YyRSK4,https://api.spotify.com/v1/tracks/3rWDp9tBPQR9z6U5YyRSK4,https://api.spotify.com/v1/audio-analysis/3rWDp9tBPQR9z6U5YyRSK4,174783,4
Taylor Swift,Bejeweled,0.7,0.55,7,-9.13,1,0.0653,0.0661,0.000102,0.091,0.412,164.003,audio_features,0jvo9CjnbR0lYUDTSNTMiu,spotify:track:0jvo9CjnbR0lYUDTSNTMiu,https://api.spotify.com/v1/tracks/0jvo9CjnbR0lYUDTSNTMiu,https://api.spotify.com/v1/audio-analysis/0jvo9CjnbR0lYUDTSNTMiu,194166,4
Taylor Swift,Question...?,0.751,0.502,7,-8.777,1,0.162,0.226,0,0.297,0.112,108.989,audio_features,6C7OF1Jal7YkyjzyUG8vkK,spotify:track:6C7OF1Jal7YkyjzyUG8vkK,https://api.spotify.com/v1/tracks/6C7OF1Jal7YkyjzyUG8vkK,https://api.spotify.com/v1/audio-analysis/6C7OF1Jal7YkyjzyUG8vkK,210557,4
Taylor Swift,Karma,0.642,0.62,8,-7.091,1,0.0666,0.0734,0,0.483,0.0969,90.02,audio_features,7KokYm8cMIXCsGVmUvKtqf,spotify:track:7KokYm8cMIXCsGVmUvKtqf,https://api.spotify.com/v1/tracks/7KokYm8cMIXCsGVmUvKtqf,https://api.spotify.com/v1/audio-analysis/7KokYm8cMIXCsGVmUvKtqf,204852,4
Taylor Swift,Vigilante Shit,0.798,0.277,4,-11.096,0,0.39,0.173,5.25e-05,0.121,0.163,79.846,audio_features,1xwAWUI6Dj0WGC3KiUPN0O,spotify:track:1xwAWUI6Dj0WGC3KiUPN0O,https://api.spotify.com/v1/tracks/1xwAWUI6Dj0WGC3KiUPN0O,https://api.spotify.com/v1/audio-analysis/1xwAWUI6Dj0WGC3KiUPN0O,164801,4
Steve Lacy,Bad Habit,0.686,0.507,1,-7.097,1,0.0357,0.626,7.51e-05,0.383,0.69,168.955,audio_features,5CM4UuQ9Gnd6K2YyKGPMoK,spotify:track:5CM4UuQ9Gnd6K2YyKGPMoK,https://api.spotify.com/v1/tracks/5CM4UuQ9Gnd6K2YyKGPMoK,https://api.spotify.com/v1/audio-analysis/5CM4UuQ9Gnd6K2YyKGPMoK,232115,4
Taylor Swift,Mastermind,0.661,0.352,4,-14.077,1,0.117,0.571,0.00147,0.0884,0.13,125.934,audio_features,56hioFjQ0DXrdn04hZcFgG,spotify:track:56hioFjQ0DXrdn04hZcFgG,https://api.spotify.com/v1/tracks/56hioFjQ0DXrdn04hZcFgG,https://api.spotify.com/v1/audio-analysis/56hioFjQ0DXrdn04hZcFgG,191039,4
Taylor Swift,Labyrinth,0.487,0.313,0,-15.434,1,0.0487,0.791,0.348,0.124,0.141,110.039,audio_features,43q586vP8gGkYypKoSddhl,spotify:track:43q586vP8gGkYypKoSddhl,https://api.spotify.com/v1/tracks/43q586vP8gGkYypKoSddhl,https://api.spotify.com/v1/audio-analysis/43q586vP8gGkYypKoSddhl,247962,4
Taylor Swift,Sweet Nothing,0.334,0.161,0,-14.875,1,0.0506,0.967,4.71e-05,0.115,0.396,176.747,audio_features,3zmwONxswBAzGwExPugSLN,spotify:track:3zmwONxswBAzGwExPugSLN,https://api.spotify.com/v1/tracks/3zmwONxswBAzGwExPugSLN,https://api.spotify.com/v1/audio-analysis/3zmwONxswBAzGwExPugSLN,188497,4
Harry Styles,As It Was,0.52,0.731,6,-5.338,0,0.0557,0.342,0.00101,0.311,0.662,173.93,audio_features,4LRPiXqCikLlN15c3yImP7,spotify:track:4LRPiXqCikLlN15c3yImP7,https://api.spotify.com/v1/tracks/4LRPiXqCikLlN15c3yImP7,https://api.spotify.com/v1/audio-analysis/4LRPiXqCikLlN15c3yImP7,167303,4
OneRepublic,I Ain't Worried,0.704,0.797,0,-5.927,1,0.0475,0.0826,0.000745,0.0546,0.825,139.994,audio_features,4h9wh7iOZ0GGn8QVp4RAOB,spotify:track:4h9wh7iOZ0GGn8QVp4RAOB,https://api.spotify.com/v1/tracks/4h9wh7iOZ0GGn8QVp4RAOB,https://api.spotify.com/v1/audio-analysis/4h9wh7iOZ0GGn8QVp4RAOB,148486,4
Morgan Wallen,You Proof,0.731,0.85,9,-4.913,1,0.0336,0.252,0,0.605,0.644,119.706,audio_features,5uU1uuyaUIBOiiUSQG7Wl3,spotify:track:5uU1uuyaUIBOiiUSQG7Wl3,https://api.spotify.com/v1/tracks/5uU1uuyaUIBOiiUSQG7Wl3,https://api.spotify.com/v1/audio-analysis/5uU1uuyaUIBOiiUSQG7Wl3,157478,4
Taylor Swift,Bigger Than The Whole Sky,0.422,0.235,6,-12.379,1,0.0568,0.826,0.00648,0.115,0.068,165.71,audio_features,0BiqmkasE5FdrChwKfVp8X,spotify:track:0BiqmkasE5FdrChwKfVp8X,https://api.spotify.com/v1/tracks/0BiqmkasE5FdrChwKfVp8X,https://api.spotify.com/v1/audio-analysis/0BiqmkasE5FdrChwKfVp8X,218503,4
Nicki Minaj,Super Freaky Girl,0.95,0.891,2,-2.653,1,0.241,0.0645,1.77e-05,0.309,0.912,133.01,audio_features,4C6Uex2ILwJi9sZXRdmqXp,spotify:track:4C6Uex2ILwJi9sZXRdmqXp,https://api.spotify.com/v1/tracks/4C6Uex2ILwJi9sZXRdmqXp,https://api.spotify.com/v1/audio-analysis/4C6Uex2ILwJi9sZXRdmqXp,170977,4
Chris Brown,Under The Influence,0.733,0.69,9,-5.529,0,0.0427,0.0635,1.18e-06,0.105,0.31,116.992,audio_features,5IgjP7X4th6nMNDh4akUHb,spotify:track:5IgjP7X4th6nMNDh4akUHb,https://api.spotify.com/v1/tracks/5IgjP7X4th6nMNDh4akUHb,https://api.spotify.com/v1/audio-analysis/5IgjP7X4th6nMNDh4akUHb,184613,4
Taylor Swift,The Great War,0.573,0.741,5,-8.987,1,0.0353,0.219,2.23e-05,0.0842,0.554,96.016,audio_features,3UMrglJeju5yWyYIW6o99b,spotify:track:3UMrglJeju5yWyYIW6o99b,https://api.spotify.com/v1/tracks/3UMrglJeju5yWyYIW6o99b,https://api.spotify.com/v1/audio-analysis/3UMrglJeju5yWyYIW6o99b,240356,4
Doja Cat,Vegas,0.801,0.601,8,-7.574,0,0.255,0.0777,3.23e-05,0.145,0.74,159.969,audio_features,0hquQWY3xvYqN4qtiquniF,spotify:track:0hquQWY3xvYqN4qtiquniF,https://api.spotify.com/v1/tracks/0hquQWY3xvYqN4qtiquniF,https://api.spotify.com/v1/audio-analysis/0hquQWY3xvYqN4qtiquniF,182907,4
Zach Bryan,Something In The Orange,0.369,0.192,4,-12.151,0,0.04,0.555,8.35e-06,0.0954,0.148,175.212,audio_features,3WMj8moIAXJhHsyLaqIIHI,spotify:track:3WMj8moIAXJhHsyLaqIIHI,https://api.spotify.com/v1/tracks/3WMj8moIAXJhHsyLaqIIHI,https://api.spotify.com/v1/audio-analysis/3WMj8moIAXJhHsyLaqIIHI,228013,3
Morgan Wallen,Wasted On You,0.505,0.657,11,-5.24,0,0.0318,0.373,0.00107,0.126,0.252,196.0,audio_features,3cBsEDNhFI9E82vPj3kvi3,spotify:track:3cBsEDNhFI9E82vPj3kvi3,https://api.spotify.com/v1/tracks/3cBsEDNhFI9E82vPj3kvi3,https://api.spotify.com/v1/audio-analysis/3cBsEDNhFI9E82vPj3kvi3,178520,3
Taylor Swift,Paris,0.7,0.509,7,-10.547,1,0.0789,0.112,3.27e-05,0.137,0.345,110.947,audio_features,7712gjoih4QoDbXpljEk21,spotify:track:7712gjoih4QoDbXpljEk21,https://api.spotify.com/v1/tracks/7712gjoih4QoDbXpljEk21,https://api.spotify.com/v1/audio-analysis/7712gjoih4QoDbXpljEk21,196259,4
Taylor Swift,High Infidelity,0.646,0.529,10,-10.179,1,0.0864,0.723,0,0.0885,0.755,87.862,audio_features,5kiZGSxgqPdv6rbqL9THdd,spotify:track:5kiZGSxgqPdv6rbqL9THdd,https://api.spotify.com/v1/tracks/5kiZGSxgqPdv6rbqL9THdd,https://api.spotify.com/v1/audio-analysis/5kiZGSxgqPdv6rbqL9THdd,231475,4
Bad Bunny,Titi Me Pregunto,0.65,0.715,5,-5.198,0,0.253,0.0993,0.000291,0.126,0.187,106.672,audio_features,1IHWl5LamUGEuP4ozKQSXZ,spotify:track:1IHWl5LamUGEuP4ozKQSXZ,https://api.spotify.com/v1/tracks/1IHWl5LamUGEuP4ozKQSXZ,https://api.spotify.com/v1/audio-analysis/1IHWl5LamUGEuP4ozKQSXZ,243717,4
Lizzo,About Damn Time,0.836,0.743,10,-6.305,0,0.0656,0.0995,0,0.335,0.722,108.966,audio_features,1PckUlxKqWQs3RlWXVBLw3,spotify:track:1PckUlxKqWQs3RlWXVBLw3,https://api.spotify.com/v1/tracks/1PckUlxKqWQs3RlWXVBLw3,https://api.spotify.com/v1/audio-analysis/1PckUlxKqWQs3RlWXVBLw3,191822,4
Luke Combs,The Kind Of Love We Make,0.608,0.745,1,-4.13,1,0.0277,0.0226,6.47e-06,0.0942,0.464,102.025,audio_features,28n8z9IQKyjMPxmvYMBqZa,spotify:track:28n8z9IQKyjMPxmvYMBqZa,https://api.spotify.com/v1/tracks/28n8z9IQKyjMPxmvYMBqZa,https://api.spotify.com/v1/audio-analysis/28n8z9IQKyjMPxmvYMBqZa,224427,4
Harry Styles,Late Night Talking,0.714,0.728,10,-4.595,1,0.0468,0.298,0,0.106,0.901,114.996,audio_features,1qEmFfgcLObUfQm0j1W2CK,spotify:track:1qEmFfgcLObUfQm0j1W2CK,https://api.spotify.com/v1/tracks/1qEmFfgcLObUfQm0j1W2CK,https://api.spotify.com/v1/audio-analysis/1qEmFfgcLObUfQm0j1W2CK,177955,4
Beyonce,Cuff It,0.78,0.689,7,-5.668,1,0.141,0.0368,9.69e-06,0.0698,0.642,115.042,audio_features,1xzi1Jcr7mEi9K2RfzLOqS,spotify:track:1xzi1Jcr7mEi9K2RfzLOqS,https://api.spotify.com/v1/tracks/1xzi1Jcr7mEi9K2RfzLOqS,https://api.spotify.com/v1/audio-analysis/1xzi1Jcr7mEi9K2RfzLOqS,225389,4
Cole Swindell,She Had Me At Heads Carolina,0.607,0.912,8,-3.449,1,0.0611,0.124,0,0.332,0.722,134.944,audio_features,200x8ONbPfFzByUr3fVz46,spotify:track:200x8ONbPfFzByUr3fVz46,https://api.spotify.com/v1/tracks/200x8ONbPfFzByUr3fVz46,https://api.spotify.com/v1/audio-analysis/200x8ONbPfFzByUr3fVz46,206107,4
Taylor Swift,Glitch,0.675,0.466,11,-9.738,0,0.201,0.361,0,0.11,0.347,140.864,audio_features,6wAFvJPpTZVirBKGZ4EnMW,spotify:track:6wAFvJPpTZVirBKGZ4EnMW,https://api.spotify.com/v1/tracks/6wAFvJPpTZVirBKGZ4EnMW,https://api.spotify.com/v1/audio-analysis/6wAFvJPpTZVirBKGZ4EnMW,148781,4
The Weeknd,Die For You,0.582,0.525,1,-7.163,0,0.0627,0.111,0,0.134,0.51,133.249,audio_features,2Ch7LmS7r2Gy2kc64wv3Bz,spotify:track:2Ch7LmS7r2Gy2kc64wv3Bz,https://api.spotify.com/v1/tracks/2Ch7LmS7r2Gy2kc64wv3Bz,https://api.spotify.com/v1/audio-analysis/2Ch7LmS7r2Gy2kc64wv3Bz,260253,4
Lil Baby,California Breeze,0.738,0.666,5,-6.97,0,0.455,0.00361,0,0.107,0.215,161.734,audio_features,6ug9fUi5oLLgQgOF1G8WkM,spotify:track:6ug9fUi5oLLgQgOF1G8WkM,https://api.spotify.com/v1/tracks/6ug9fUi5oLLgQgOF1G8WkM,https://api.spotify.com/v1/audio-analysis/6ug9fUi5oLLgQgOF1G8WkM,177789,4
Taylor Swift,Dear Reader,0.562,0.388,0,-12.088,1,0.0705,0.481,0.00145,0.117,0.159,107.747,audio_features,3QF5RsWzK1lCvf2o2cY65P,spotify:track:3QF5RsWzK1lCvf2o2cY65P,https://api.spotify.com/v1/tracks/3QF5RsWzK1lCvf2o2cY65P,https://api.spotify.com/v1/audio-analysis/3QF5RsWzK1lCvf2o2cY65P,225194,4
Elton John & Britney Spears,Hold Me Closer,0.667,0.75,0,-4.602,1,0.0906,0.0746,0.000198,0.197,0.486,126.041,audio_features,72yP0DUlWPyH8P7IoxskwN,spotify:track:72yP0DUlWPyH8P7IoxskwN,https://api.spotify.com/v1/tracks/72yP0DUlWPyH8P7IoxskwN,https://api.spotify.com/v1/audio-analysis/72yP0DUlWPyH8P7IoxskwN,202246,4
Lil Uzi Vert,Just Wanna Rock,0.486,0.545,11,-7.924,1,0.0336,0.0652,0.00474,0.0642,0.0385,150.187,audio_features,4FyesJzVpA39hbYvcseO2d,spotify:track:4FyesJzVpA39hbYvcseO2d,https://api.spotify.com/v1/tracks/4FyesJzVpA39hbYvcseO2d,https://api.spotify.com/v1/audio-analysis/4FyesJzVpA39hbYvcseO2d,123891,4
Tyler Hubbard,5 Foot 9,0.602,0.796,5,-5.609,1,0.0465,0.146,0,0.125,0.53,106.005,audio_features,6AqwH2Y9FJwhUE2dCSkw1u,spotify:track:6AqwH2Y9FJwhUE2dCSkw1u,https://api.spotify.com/v1/tracks/6AqwH2Y9FJwhUE2dCSkw1u,https://api.spotify.com/v1/audio-analysis/6AqwH2Y9FJwhUE2dCSkw1u,189780,4
Sia,Unstoppable,0.468,0.779,9,-4.839,1,0.0779,0.112,0.000373,0.101,0.26,173.799,audio_features,1yvMUkIOTeUNtNWlWRgANS,spotify:track:1yvMUkIOTeUNtNWlWRgANS,https://api.spotify.com/v1/tracks/1yvMUkIOTeUNtNWlWRgANS,https://api.spotify.com/v1/audio-analysis/1yvMUkIOTeUNtNWlWRgANS,217747,4
Bailey Zimmerman,Fall In Love,0.524,0.643,9,-6.055,1,0.0297,0.451,0,0.221,0.397,135.962,audio_features,5gVCfYmQRPy1QJifP8f5gg,spotify:track:5gVCfYmQRPy1QJifP8f5gg,https://api.spotify.com/v1/tracks/5gVCfYmQRPy1QJifP8f5gg,https://api.spotify.com/v1/audio-analysis/5gVCfYmQRPy1QJifP8f5gg,232059,4
Bailey Zimmerman,Rock And A Hard Place,0.582,0.568,1,-7.3,1,0.0275,0.577,0,0.105,0.394,121.991,audio_features,4686eQ81DEswHa90bcdlC9,spotify:track:4686eQ81DEswHa90bcdlC9,https://api.spotify.com/v1/tracks/4686eQ81DEswHa90bcdlC9,https://api.spotify.com/v1/audio-analysis/4686eQ81DEswHa90bcdlC9,207541,3
JVKE,Golden Hour,0.515,0.593,4,-4.801,1,0.0322,0.653,0.162,0.25,0.153,94.467,audio_features,5odlY52u43F5BjByhxg7wg,spotify:track:5odlY52u43F5BjByhxg7wg,https://api.spotify.com/v1/tracks/5odlY52u43F5BjByhxg7wg,https://api.spotify.com/v1/audio-analysis/5odlY52u43F5BjByhxg7wg,209260,3
Lil Baby,Heyy,0.494,0.667,7,-4.632,1,0.263,0.00299,0,0.0815,0.179,88.028,audio_features,6qzBOV7lg2pnYm1tIvjxo3,spotify:track:6qzBOV7lg2pnYm1tIvjxo3,https://api.spotify.com/v1/tracks/6qzBOV7lg2pnYm1tIvjxo3,https://api.spotify.com/v1/audio-analysis/6qzBOV7lg2pnYm1tIvjxo3,192727,5
Stephen Sanchez,Until I Found You,0.539,0.508,10,-6.05,1,0.0288,0.727,0,0.174,0.227,101.358,audio_features,0T5iIrXA4p5GsubkhuBIKV,spotify:track:0T5iIrXA4p5GsubkhuBIKV,https://api.spotify.com/v1/tracks/0T5iIrXA4p5GsubkhuBIKV,https://api.spotify.com/v1/audio-analysis/0T5iIrXA4p5GsubkhuBIKV,177720,3
Jax,Victoriaâ€™s Secret,0.586,0.556,6,-7.639,1,0.0592,0.00655,0,0.0836,0.517,167.018,audio_features,4svaKoxMMP7ImmKrD5hfQu,spotify:track:4svaKoxMMP7ImmKrD5hfQu,https://api.spotify.com/v1/tracks/4svaKoxMMP7ImmKrD5hfQu,https://api.spotify.com/v1/audio-analysis/4svaKoxMMP7ImmKrD5hfQu,176125,4
Jelly Roll,Son Of A Sinner,0.365,0.541,7,-7.489,1,0.0304,0.0419,2.25e-06,0.281,0.329,86.041,audio_features,25VQoiuyc0HkC5FQTj1a8G,spotify:track:25VQoiuyc0HkC5FQTj1a8G,https://api.spotify.com/v1/tracks/25VQoiuyc0HkC5FQTj1a8G,https://api.spotify.com/v1/audio-analysis/25VQoiuyc0HkC5FQTj1a8G,232093,4
Lil Nas X,Star Walkin' (League Of Legends Worlds Anthem),0.637,0.715,2,-4.971,0,0.0455,0.148,0,0.0892,0.308,141.872,audio_features,38T0tPVZHcPZyhtOcCP7pF,spotify:track:38T0tPVZHcPZyhtOcCP7pF,https://api.spotify.com/v1/tracks/38T0tPVZHcPZyhtOcCP7pF,https://api.spotify.com/v1/audio-analysis/38T0tPVZHcPZyhtOcCP7pF,210576,4
d4vd,Romantic Homicide,0.571,0.544,6,-10.613,1,0.0299,0.453,0.00805,0.322,0.216,132.052,audio_features,1xK59OXxi2TAAAbmZK0kBL,spotify:track:1xK59OXxi2TAAAbmZK0kBL,https://api.spotify.com/v1/tracks/1xK59OXxi2TAAAbmZK0kBL,https://api.spotify.com/v1/audio-analysis/1xK59OXxi2TAAAbmZK0kBL,132631,4
Jordan Davis,What My World Spins Around,0.675,0.726,2,-6.459,1,0.0461,0.105,0,0.153,0.671,124.872,audio_features,6HBRLaSQ7NB8MNlaqzYen1,spotify:track:6HBRLaSQ7NB8MNlaqzYen1,https://api.spotify.com/v1/tracks/6HBRLaSQ7NB8MNlaqzYen1,https://api.spotify.com/v1/audio-analysis/6HBRLaSQ7NB8MNlaqzYen1,186791,4
Lil Baby,Real Spill,0.776,0.557,2,-7.441,1,0.545,0.0496,0,0.112,0.284,156.978,audio_features,4OkFBMU18NidtaefaTjUq1,spotify:track:4OkFBMU18NidtaefaTjUq1,https://api.spotify.com/v1/tracks/4OkFBMU18NidtaefaTjUq1,https://api.spotify.com/v1/audio-analysis/4OkFBMU18NidtaefaTjUq1,198722,4
Lil Baby,Stand On It,0.728,0.496,11,-7.298,0,0.127,0.0325,0,0.0916,0.214,86.468,audio_features,26Hgx0810XUis01XWvoftB,spotify:track:26Hgx0810XUis01XWvoftB,https://api.spotify.com/v1/tracks/26Hgx0810XUis01XWvoftB,https://api.spotify.com/v1/audio-analysis/26Hgx0810XUis01XWvoftB,166889,4
Ingrid Andress With Sam Hunt,Wishful Drinking,0.678,0.528,10,-7.317,1,0.0551,0.289,0,0.0734,0.614,79.018,audio_features,3HGnIIdHYIbkowzLk8UHbE,spotify:track:3HGnIIdHYIbkowzLk8UHbE,https://api.spotify.com/v1/tracks/3HGnIIdHYIbkowzLk8UHbE,https://api.spotify.com/v1/audio-analysis/3HGnIIdHYIbkowzLk8UHbE,194545,4
Grupo Frontera,No Se Va,0.594,0.527,0,-9.335,1,0.0335,0.121,0,0.234,0.692,172.712,audio_features,5JhUm1v5AbI5Yu6jLKCPRO,spotify:track:5JhUm1v5AbI5Yu6jLKCPRO,https://api.spotify.com/v1/tracks/5JhUm1v5AbI5Yu6jLKCPRO,https://api.spotify.com/v1/audio-analysis/5JhUm1v5AbI5Yu6jLKCPRO,194019,4
Tems,Free Mind,0.562,0.463,6,-7.478,1,0.0787,0.442,0.000145,0.157,0.416,125.15,audio_features,2mzM4Y0Rnx2BDZqRnhQ5Q6,spotify:track:2mzM4Y0Rnx2BDZqRnhQ5Q6,https://api.spotify.com/v1/tracks/2mzM4Y0Rnx2BDZqRnhQ5Q6,https://api.spotify.com/v1/audio-analysis/2mzM4Y0Rnx2BDZqRnhQ5Q6,247579,5
Lil Baby,Not Finished,0.785,0.524,1,-7.004,1,0.122,0.0123,0,0.365,0.0855,142.007,audio_features,2A0G0bPmlkUXUbvWqrAXzg,spotify:track:2A0G0bPmlkUXUbvWqrAXzg,https://api.spotify.com/v1/tracks/2A0G0bPmlkUXUbvWqrAXzg,https://api.spotify.com/v1/audio-analysis/2A0G0bPmlkUXUbvWqrAXzg,163454,4
Harry Styles,Music For A Sushi Restaurant,0.72,0.715,11,-4.652,1,0.04,0.258,0.0568,0.107,0.357,107.041,audio_features,5LYMamLv12UPbemOaTPyeV,spotify:track:5LYMamLv12UPbemOaTPyeV,https://api.spotify.com/v1/tracks/5LYMamLv12UPbemOaTPyeV,https://api.spotify.com/v1/audio-analysis/5LYMamLv12UPbemOaTPyeV,193813,4
Lil Yachty,Poland,0.695,0.555,5,-8.5,0,0.0509,0.141,0.826,0.11,0.26,150.024,audio_features,74loibzxXRL875X20kenvk,spotify:track:74loibzxXRL875X20kenvk,https://api.spotify.com/v1/tracks/74loibzxXRL875X20kenvk,https://api.spotify.com/v1/audio-analysis/74loibzxXRL875X20kenvk,83200,4
Nate Smith,Whiskey On You,0.479,0.768,8,-5.204,1,0.0312,7.02e-05,0.00549,0.121,0.576,110.024,audio_features,6Tm4Io4ct4w14nB1EUzsY3,spotify:track:6Tm4Io4ct4w14nB1EUzsY3,https://api.spotify.com/v1/tracks/6Tm4Io4ct4w14nB1EUzsY3,https://api.spotify.com/v1/audio-analysis/6Tm4Io4ct4w14nB1EUzsY3,183790,4
Armani White,Billie Eilish.,0.9,0.509,1,-6.647,1,0.257,0.115,1.67e-06,0.0937,0.765,100.007,audio_features,27ZZdyTSQWI7Cug2d2PkqV,spotify:track:27ZZdyTSQWI7Cug2d2PkqV,https://api.spotify.com/v1/tracks/27ZZdyTSQWI7Cug2d2PkqV,https://api.spotify.com/v1/audio-analysis/27ZZdyTSQWI7Cug2d2PkqV,99283,4
Yung Gravy,Betty (Get Money),0.723,0.772,1,-6.784,1,0.0792,0.00524,1.15e-05,0.367,0.58,102.004,audio_features,4cacyP5c3PMlfnyjpg13xW,spotify:track:4cacyP5c3PMlfnyjpg13xW,https://api.spotify.com/v1/tracks/4cacyP5c3PMlfnyjpg13xW,https://api.spotify.com/v1/audio-analysis/4cacyP5c3PMlfnyjpg13xW,146471,4
Lizzo,2 Be Loved (Am I Ready),0.721,0.769,7,-4.111,1,0.105,0.0922,0,0.0817,0.915,155.932,audio_features,2rmwqU7yzTvzkiaRV53DpT,spotify:track:2rmwqU7yzTvzkiaRV53DpT,https://api.spotify.com/v1/tracks/2rmwqU7yzTvzkiaRV53DpT,https://api.spotify.com/v1/audio-analysis/2rmwqU7yzTvzkiaRV53DpT,187108,4
Brent Faiyaz,All Mine,0.617,0.378,9,-8.54,1,0.0315,0.428,9.16e-05,0.11,0.22,141.967,audio_features,3XgGQ1wjo5khvq2UImjyNF,spotify:track:3XgGQ1wjo5khvq2UImjyNF,https://api.spotify.com/v1/tracks/3XgGQ1wjo5khvq2UImjyNF,https://api.spotify.com/v1/audio-analysis/3XgGQ1wjo5khvq2UImjyNF,216063,4
Manuel Turizo,La Bachata,0.835,0.679,7,-5.329,0,0.0364,0.583,1.98e-06,0.218,0.85,124.98,audio_features,5ww2BF9slyYgNOk37BlC4u,spotify:track:5ww2BF9slyYgNOk37BlC4u,https://api.spotify.com/v1/tracks/5ww2BF9slyYgNOk37BlC4u,https://api.spotify.com/v1/audio-analysis/5ww2BF9slyYgNOk37BlC4u,162638,4
Burna Boy,Last Last,0.795,0.565,3,-4.457,0,0.0948,0.131,0,0.0802,0.55,87.925,audio_features,5YbPxJwPfrj7uswNwoF1pJ,spotify:track:5YbPxJwPfrj7uswNwoF1pJ,https://api.spotify.com/v1/tracks/5YbPxJwPfrj7uswNwoF1pJ,https://api.spotify.com/v1/audio-analysis/5YbPxJwPfrj7uswNwoF1pJ,172342,4
Joji,Glimpse Of Us,0.44,0.317,8,-9.258,1,0.0531,0.891,4.78e-06,0.141,0.268,169.914,audio_features,6xGruZOHLs39ZbVccQTuPZ,spotify:track:6xGruZOHLs39ZbVccQTuPZ,https://api.spotify.com/v1/tracks/6xGruZOHLs39ZbVccQTuPZ,https://api.spotify.com/v1/audio-analysis/6xGruZOHLs39ZbVccQTuPZ,233456,3
Lil Baby,Freestyle,0.877,0.517,2,-5.426,0,0.0706,0.217,0,0.143,0.255,119.996,audio_features,5BbdKBZO0TH0GhfxUfyhL9,spotify:track:5BbdKBZO0TH0GhfxUfyhL9,https://api.spotify.com/v1/tracks/5BbdKBZO0TH0GhfxUfyhL9,https://api.spotify.com/v1/audio-analysis/5BbdKBZO0TH0GhfxUfyhL9,162053,4
Omar Apollo,Evergreen,0.697,0.336,9,-10.395,1,0.0424,0.598,0.00528,0.107,0.31,82.029,audio_features,2TktkzfozZifbQhXjT6I33,spotify:track:2TktkzfozZifbQhXjT6I33,https://api.spotify.com/v1/tracks/2TktkzfozZifbQhXjT6I33,https://api.spotify.com/v1/audio-analysis/2TktkzfozZifbQhXjT6I33,216680,3
Gabby Barrett,Pick Me Up,0.472,0.701,2,-4.563,1,0.0369,0.0387,0,0.107,0.515,79.805,audio_features,7xNYZeFtrB05pi9tc6lEeb,spotify:track:7xNYZeFtrB05pi9tc6lEeb,https://api.spotify.com/v1/tracks/7xNYZeFtrB05pi9tc6lEeb,https://api.spotify.com/v1/audio-analysis/7xNYZeFtrB05pi9tc6lEeb,169440,4
Diddy & Bryson Tiller,Gotta Move On,0.699,0.679,9,-4.528,1,0.0556,0.55,0,0.0816,0.56,102.919,audio_features,3K9IrLs25jHtvWjAAFAfav,spotify:track:3K9IrLs25jHtvWjAAFAfav,https://api.spotify.com/v1/tracks/3K9IrLs25jHtvWjAAFAfav,https://api.spotify.com/v1/audio-analysis/3K9IrLs25jHtvWjAAFAfav,160777,4
Lil Baby,Perfect Timing,0.643,0.492,1,-7.314,1,0.382,0.0349,0,0.133,0.117,156.784,audio_features,0BBaLX0AEwUCmsJyI5eJ6U,spotify:track:0BBaLX0AEwUCmsJyI5eJ6U,https://api.spotify.com/v1/tracks/0BBaLX0AEwUCmsJyI5eJ6U,https://api.spotify.com/v1/audio-analysis/0BBaLX0AEwUCmsJyI5eJ6U,161221,4
Luke Bryan,Country On,0.52,0.751,5,-5.064,1,0.0551,0.171,7.4e-06,0.0624,0.519,156.044,audio_features,1tRxwf8Q0AcshfHuaD86Yt,spotify:track:1tRxwf8Q0AcshfHuaD86Yt,https://api.spotify.com/v1/tracks/1tRxwf8Q0AcshfHuaD86Yt,https://api.spotify.com/v1/audio-analysis/1tRxwf8Q0AcshfHuaD86Yt,236456,4
Rosa Linn,Snap,0.565,0.636,0,-8.198,1,0.0638,0.107,9.9e-06,0.447,0.525,170.01,audio_features,76OGwb5RA9h4FxQPT33ekc,spotify:track:76OGwb5RA9h4FxQPT33ekc,https://api.spotify.com/v1/tracks/76OGwb5RA9h4FxQPT33ekc,https://api.spotify.com/v1/audio-analysis/76OGwb5RA9h4FxQPT33ekc,179551,4
Meghan Trainor,Made You Look,0.838,0.525,10,-3.562,1,0.0665,0.345,1.92e-06,0.0771,0.884,144.981,audio_features,0QHEIqNKsMoOY5urbzN48u,spotify:track:0QHEIqNKsMoOY5urbzN48u,https://api.spotify.com/v1/tracks/0QHEIqNKsMoOY5urbzN48u,https://api.spotify.com/v1/audio-analysis/0QHEIqNKsMoOY5urbzN48u,134256,4
Steve Lacy,Dark Red,0.603,0.784,6,-4.023,1,0.062,0.446,8.32e-06,0.119,0.769,172.041,audio_features,3EaJDYHA0KnX88JvDhL9oa,spotify:track:3EaJDYHA0KnX88JvDhL9oa,https://api.spotify.com/v1/tracks/3EaJDYHA0KnX88JvDhL9oa,https://api.spotify.com/v1/audio-analysis/3EaJDYHA0KnX88JvDhL9oa,173104,4
Lewis Capaldi,Forget Me,0.669,0.742,1,-3.518,0,0.0441,0.296,0,0.355,0.716,101.982,audio_features,5uSFGgIfHMT3osrAd9n9ym,spotify:track:5uSFGgIfHMT3osrAd9n9ym,https://api.spotify.com/v1/tracks/5uSFGgIfHMT3osrAd9n9ym,https://api.spotify.com/v1/audio-analysis/5uSFGgIfHMT3osrAd9n9ym,203472,4
Rosalia,Despecha,0.919,0.623,7,-6.521,1,0.0992,0.184,1.63e-05,0.0609,0.775,130.037,audio_features,5ildQOEKmJuWGl2vRkFdYc,spotify:track:5ildQOEKmJuWGl2vRkFdYc,https://api.spotify.com/v1/tracks/5ildQOEKmJuWGl2vRkFdYc,https://api.spotify.com/v1/audio-analysis/5ildQOEKmJuWGl2vRkFdYc,157018,4
